transaction_id;event_date;operation;winning_money;wagering_money;player_id;promotion
application Table cross-platform;2021-07-25T13:56:17;Shoes Branding alliance;96683;34019;38016;Ridges Metal empowering
architect;2021-07-25T23:30:31;homogeneous;9409;68308;27328;cyan Place Nebraska
withdrawal;2021-07-26T04:51:46;Bike;85833;76680;67460;parse intranet Plastic
Incredible;2021-07-25T23:18:35;scale Michigan;29132;47644;63717;Rubber Representative
action-items Customer-focused Outdoors;2021-07-25T16:46:35;eyeballs infomediaries Lesotho;53584;19797;91033;invoice
ADP International Pants;2021-07-25T17:07:32;Pants Facilitator Texas;2264;30355;50960;Creative customized
cutting-edge Wooden;2021-07-25T22:15:43;deposit Tactics;90786;19416;31401;HTTP
4th Concrete;2021-07-25T22:29:34;quantifying Bike;2208;95012;57756;Account
Bedfordshire;2021-07-26T08:52:34;Eritrea deposit Account;85108;59117;25037;multi-tasking Oval Peso
bandwidth parsing;2021-07-25T16:39:14;Buckinghamshire circuit SDR;99887;46048;39058;deploy
